,obj,x,y,height,width,frame
26905,369,285,120,16,24,1356
26906,369,285,120,16,24,1357
26907,369,303,127,17,27,1365
26908,369,303,127,17,27,1366
26909,369,308,128,18,27,1367
26910,369,308,128,18,27,1368
26911,369,312,131,17,29,1369
26912,369,312,131,17,29,1370
26913,369,318,132,19,29,1371
26914,369,318,132,19,29,1372
26915,369,326,135,20,30,1374
26916,369,326,135,20,30,1375
26917,369,332,137,20,31,1376
26918,369,332,137,20,31,1377
26919,369,338,139,22,32,1378
26920,369,338,139,22,33,1379
26921,369,343,141,23,35,1380
26922,369,343,141,23,35,1381
26923,369,350,145,22,35,1382
26924,369,350,145,22,35,1383
26925,369,357,147,23,37,1384
26926,369,357,147,23,37,1385
26927,369,360,149,24,37,1386
26928,369,368,151,25,38,1387
26929,369,368,151,25,38,1388
26930,369,376,155,26,40,1389
26931,369,376,155,26,40,1390
26932,369,385,158,28,42,1391
26933,369,385,158,28,42,1392
26934,369,394,163,28,44,1393
26935,369,394,163,28,44,1394
26936,369,403,167,29,46,1395
26937,369,403,167,29,46,1396
26938,369,407,169,31,49,1397
26939,369,418,174,32,50,1398
26940,369,418,174,32,50,1399
26941,369,426,178,34,55,1400
26942,369,426,178,34,55,1401
26943,369,441,185,35,56,1402
26944,369,441,185,35,56,1403
26945,369,454,191,37,59,1404
26946,369,454,191,37,59,1405
26947,369,465,195,43,66,1406
26948,369,465,195,43,66,1407
26949,369,489,209,43,73,1409
26950,369,489,209,43,73,1410
26951,369,506,215,49,77,1411
26952,369,506,215,49,76,1412
26953,369,526,225,53,82,1413
26954,369,526,225,53,82,1414
26955,369,285,120,16,24,1356
26956,369,285,120,16,24,1357
26957,369,303,127,17,27,1365
26958,369,303,127,17,27,1366
26959,369,308,128,18,27,1367
26960,369,308,128,18,27,1368
26961,369,312,131,17,29,1369
26962,369,312,131,17,29,1370
26963,369,318,132,19,29,1371
26964,369,318,132,19,29,1372
26965,369,326,135,20,30,1374
26966,369,326,135,20,30,1375
26967,369,332,137,20,31,1376
26968,369,332,137,20,31,1377
26969,369,338,139,22,32,1378
26970,369,338,139,22,33,1379
26971,369,343,141,23,35,1380
26972,369,343,141,23,35,1381
26973,369,350,145,22,35,1382
26974,369,350,145,22,35,1383
26975,369,357,147,23,37,1384
26976,369,357,147,23,37,1385
26977,369,360,149,24,37,1386
26978,369,368,151,25,38,1387
26979,369,368,151,25,38,1388
26980,369,376,155,26,40,1389
26981,369,376,155,26,40,1390
26982,369,385,158,28,42,1391
26983,369,385,158,28,42,1392
26984,369,394,163,28,44,1393
26985,369,394,163,28,44,1394
26986,369,403,167,29,46,1395
26987,369,403,167,29,46,1396
26988,369,407,169,31,49,1397
26989,369,418,174,32,50,1398
26990,369,418,174,32,50,1399
26991,369,426,178,34,55,1400
26992,369,426,178,34,55,1401
26993,369,441,185,35,56,1402
26994,369,441,185,35,56,1403
26995,369,454,191,37,59,1404
26996,369,454,191,37,59,1405
26997,369,465,195,43,66,1406
26998,369,465,195,43,66,1407
26999,369,489,209,43,73,1409
27000,369,489,209,43,73,1410
27001,369,506,215,49,77,1411
27002,369,506,215,49,76,1412
27003,369,526,225,53,82,1413
27004,369,526,225,53,82,1414
27005,369,285,120,16,24,1356
27006,369,285,120,16,24,1357
27007,369,303,127,17,27,1365
27008,369,303,127,17,27,1366
27009,369,308,128,18,27,1367
27010,369,308,128,18,27,1368
27011,369,312,131,17,29,1369
27012,369,312,131,17,29,1370
27013,369,318,132,19,29,1371
27014,369,318,132,19,29,1372
27015,369,326,135,20,30,1374
27016,369,326,135,20,30,1375
27017,369,332,137,20,31,1376
27018,369,332,137,20,31,1377
27019,369,338,139,22,32,1378
27020,369,338,139,22,33,1379
27021,369,343,141,23,35,1380
27022,369,343,141,23,35,1381
27023,369,350,145,22,35,1382
27024,369,350,145,22,35,1383
27025,369,357,147,23,37,1384
27026,369,357,147,23,37,1385
27027,369,360,149,24,37,1386
27028,369,368,151,25,38,1387
27029,369,368,151,25,38,1388
27030,369,376,155,26,40,1389
27031,369,376,155,26,40,1390
27032,369,385,158,28,42,1391
27033,369,385,158,28,42,1392
27034,369,394,163,28,44,1393
27035,369,394,163,28,44,1394
27036,369,403,167,29,46,1395
27037,369,403,167,29,46,1396
27038,369,407,169,31,49,1397
27039,369,418,174,32,50,1398
27040,369,418,174,32,50,1399
27041,369,426,178,34,55,1400
27042,369,426,178,34,55,1401
27043,369,441,185,35,56,1402
27044,369,441,185,35,56,1403
27045,369,454,191,37,59,1404
27046,369,454,191,37,59,1405
27047,369,465,195,43,66,1406
27048,369,465,195,43,66,1407
27049,369,489,209,43,73,1409
27050,369,489,209,43,73,1410
27051,369,506,215,49,77,1411
27052,369,506,215,49,76,1412
27053,369,526,225,53,82,1413
27054,369,526,225,53,82,1414
27055,369,285,120,16,24,1356
27056,369,285,120,16,24,1357
27057,369,318,132,19,29,1371
27058,369,318,132,19,29,1372
27059,369,326,135,20,30,1374
27060,369,326,135,20,30,1375
27061,369,332,137,20,31,1376
27062,369,332,137,20,31,1377
27063,369,343,141,23,35,1380
27064,369,343,141,23,35,1381
27065,369,350,145,22,35,1382
27066,369,350,145,22,35,1383
27067,369,357,147,23,37,1384
27068,369,357,147,23,37,1385
27069,369,360,149,24,37,1386
27070,369,368,151,25,38,1387
27071,369,368,151,25,38,1388
27072,369,376,155,26,40,1389
27073,369,376,155,26,40,1390
27074,369,385,158,28,42,1391
27075,369,385,158,28,42,1392
27076,369,394,163,28,44,1393
27077,369,394,163,28,44,1394
27078,369,403,167,29,46,1395
27079,369,403,167,29,46,1396
27080,369,407,169,31,49,1397
27081,369,418,174,32,50,1398
27082,369,418,174,32,50,1399
27083,369,426,178,34,55,1400
27084,369,426,178,34,55,1401
27085,369,441,185,35,56,1402
27086,369,441,185,35,56,1403
27087,369,454,191,37,59,1404
27088,369,454,191,37,59,1405
27089,369,465,195,43,66,1406
27090,369,465,195,43,66,1407
27091,369,489,209,43,73,1409
27092,369,489,209,43,73,1410
27093,369,506,215,49,77,1411
27094,369,506,215,49,76,1412
27095,369,526,225,53,82,1413
27096,369,526,225,53,82,1414
33856,552,236,114,16,21,1849
33857,552,236,114,16,21,1850
33858,552,241,116,17,21,1853
33859,552,241,116,16,21,1854
33860,552,243,117,17,21,1855
33861,552,243,117,17,21,1856
33862,552,245,118,18,22,1857
33863,552,245,118,18,22,1858
33864,552,247,119,18,23,1859
33865,552,247,119,18,23,1860
33866,552,249,119,19,22,1861
33867,552,251,120,19,24,1862
33868,552,251,120,19,24,1863
33869,552,254,122,19,23,1864
33870,552,254,122,19,23,1865
33871,552,257,123,19,24,1866
33872,552,257,123,19,24,1867
33873,552,260,124,20,24,1868
33874,552,260,124,20,24,1869
33875,552,262,125,20,26,1870
33876,552,262,125,20,26,1871
33877,552,264,126,21,25,1872
33878,552,267,128,21,26,1873
33879,552,267,128,21,26,1874
33880,552,268,130,21,28,1875
33881,552,268,130,21,28,1876
33882,552,273,131,22,27,1877
33883,552,273,131,22,27,1878
33884,552,276,133,23,28,1879
33885,552,276,133,23,28,1880
33886,552,280,136,23,29,1882
33887,552,280,136,23,29,1883
33888,552,285,138,24,29,1884
33889,552,285,138,24,29,1885
33890,552,288,140,25,31,1886
33891,552,288,140,25,31,1887
33892,552,292,143,26,31,1888
33893,552,292,142,26,32,1889
33894,552,296,144,28,33,1890
33895,552,296,144,28,33,1891
33896,552,298,146,28,33,1892
33897,552,302,149,29,35,1893
33898,552,302,149,29,35,1894
33899,552,306,152,29,37,1895
33900,552,306,152,29,37,1896
33901,552,312,155,30,36,1897
33902,552,312,155,30,36,1898
33903,552,322,161,34,40,1901
33904,552,322,161,34,40,1902
33905,552,328,165,35,42,1903
33906,552,328,165,35,42,1904
33907,552,331,167,35,43,1905
33908,552,336,171,37,45,1906
33909,552,336,171,37,45,1907
33910,552,343,175,37,47,1909
33911,552,277,134,23,29,1881
33912,552,316,158,32,39,1899
33913,552,316,158,32,39,1900
33914,552,344,175,39,47,1908
33915,552,277,134,23,29,1881
33916,552,316,158,32,39,1899
33917,552,316,158,32,39,1900
33918,552,344,175,39,47,1908
33919,552,277,134,23,29,1881
33920,552,316,158,32,39,1899
33921,552,316,158,32,39,1900
33922,552,344,175,39,47,1908
33923,552,277,134,23,29,1881
33924,552,316,158,32,39,1899
33925,552,316,158,32,39,1900
33926,552,344,175,39,47,1908
33927,552,277,134,23,29,1881
33928,552,316,158,32,39,1899
33929,552,316,158,32,39,1900
33930,552,344,175,39,47,1908
33931,552,277,134,23,29,1881
33932,552,316,158,32,39,1899
33933,552,316,158,32,39,1900
33934,552,344,175,39,47,1908
39225,735,324,90,22,44,2150
39226,735,324,90,22,44,2151
39227,735,321,91,20,42,2152
39228,735,321,91,20,42,2153
39229,735,318,89,21,41,2154
39230,735,318,89,21,41,2155
39231,735,314,89,21,41,2156
39232,735,314,89,21,41,2157
39233,735,311,89,20,42,2158
39234,735,309,89,20,40,2159
39235,735,309,89,20,40,2160
39236,735,305,89,19,39,2161
39237,735,306,88,20,38,2162
39238,735,303,88,19,37,2163
39239,735,303,88,19,37,2164
39240,735,299,88,19,38,2165
39241,735,299,88,19,38,2166
39242,735,296,88,18,36,2167
39243,735,296,88,18,36,2168
39244,735,293,88,18,35,2169
39245,735,293,88,18,35,2170
39246,735,291,87,19,35,2171
39247,735,324,90,22,44,2150
39248,735,324,90,22,44,2151
39249,735,321,91,20,42,2152
39250,735,321,91,20,42,2153
39251,735,318,89,21,41,2154
39252,735,318,89,21,41,2155
39253,735,314,89,21,41,2156
39254,735,314,89,21,41,2157
39255,735,311,89,20,42,2158
39256,735,309,89,20,40,2159
39257,735,309,89,20,40,2160
39258,735,305,89,19,39,2161
39259,735,306,88,20,38,2162
39260,735,303,88,19,37,2163
39261,735,303,88,19,37,2164
39262,735,299,88,19,38,2165
39263,735,299,88,19,38,2166
39264,735,296,88,18,36,2167
39265,735,296,88,18,36,2168
39266,735,293,88,18,35,2169
39267,735,293,88,18,35,2170
39268,735,291,87,19,35,2171
39269,735,293,88,18,35,2169
39270,735,293,88,18,35,2170
39271,735,291,87,19,35,2171
39272,735,296,88,18,36,2167
39273,735,296,88,18,36,2168
39274,735,321,91,20,42,2152
39275,735,321,91,20,42,2153
39276,735,318,89,21,41,2154
39277,735,318,89,21,41,2155
39278,735,314,89,21,41,2156
39279,735,314,89,21,41,2157
39280,735,311,89,20,42,2158
39281,735,309,89,20,40,2159
39282,735,309,89,20,40,2160
39283,735,305,89,19,39,2161
39284,735,306,88,20,38,2162
39285,735,324,90,22,44,2150
39286,735,324,90,22,44,2151
39287,735,303,88,19,37,2163
39288,735,303,88,19,37,2164
39289,735,299,88,19,38,2165
39290,735,299,88,19,38,2166
39291,735,324,90,22,44,2150
39292,735,324,90,22,44,2151
39293,735,303,88,19,37,2163
39294,735,303,88,19,37,2164
39295,735,299,88,19,38,2165
39296,735,299,88,19,38,2166
39297,735,324,90,22,44,2150
39298,735,324,90,22,44,2151
39299,735,303,88,19,37,2163
39300,735,303,88,19,37,2164
39301,735,299,88,19,38,2165
39302,735,299,88,19,38,2166
39303,735,324,90,22,44,2150
39304,735,324,90,22,44,2151
39305,735,303,88,19,37,2163
39306,735,303,88,19,37,2164
39307,735,299,88,19,38,2165
39308,735,299,88,19,38,2166
39309,735,324,90,22,44,2150
39310,735,324,90,22,44,2151
39311,735,303,88,19,37,2163
39312,735,303,88,19,37,2164
39313,735,299,88,19,38,2165
39314,735,299,88,19,38,2166
39315,735,324,90,22,44,2150
39316,735,324,90,22,44,2151
39317,735,303,88,19,37,2163
39318,735,303,88,19,37,2164
39319,735,299,88,19,38,2165
39320,735,299,88,19,38,2166
39321,735,324,90,22,44,2150
39322,735,324,90,22,44,2151
39323,735,303,88,19,37,2163
39324,735,303,88,19,37,2164
39325,735,299,88,19,38,2165
39326,735,299,88,19,38,2166
39327,735,324,90,22,44,2150
39328,735,324,90,22,44,2151
39329,735,303,88,19,37,2163
39330,735,303,88,19,37,2164
39331,735,299,88,19,38,2165
39332,735,299,88,19,38,2166
39333,735,324,90,22,44,2150
39334,735,324,90,22,44,2151
39335,735,303,88,19,37,2163
39336,735,303,88,19,37,2164
39337,735,299,88,19,38,2165
39338,735,299,88,19,38,2166
39339,735,324,90,22,44,2150
39340,735,324,90,22,44,2151
39341,735,303,88,19,37,2163
39342,735,303,88,19,37,2164
39343,735,299,88,19,38,2165
39344,735,299,88,19,38,2166
41570,942,240,120,16,22,2506
41571,942,239,120,16,23,2507
41572,942,243,121,16,22,2508
41573,942,243,121,16,22,2509
41574,942,246,122,16,23,2510
41575,942,246,122,16,23,2511
41576,942,249,123,17,23,2512
41577,942,249,123,17,23,2513
41578,942,263,129,18,25,2521
41579,942,266,130,18,24,2523
41580,942,268,132,18,26,2524
41581,942,268,132,18,26,2525
41582,942,275,134,20,28,2528
41583,942,275,134,20,28,2529
41584,942,279,137,19,28,2530
41585,942,279,137,19,28,2531
41586,942,282,138,20,29,2532
41587,942,282,138,20,29,2533
41588,942,289,143,20,29,2535
41589,942,289,143,20,29,2536
41590,942,240,120,16,22,2506
41591,942,239,120,16,23,2507
41592,942,243,121,16,22,2508
41593,942,243,121,16,22,2509
41594,942,246,122,16,23,2510
41595,942,246,122,16,23,2511
41596,942,249,123,17,23,2512
41597,942,249,123,17,23,2513
41598,942,275,134,20,28,2528
41599,942,275,134,20,28,2529
41600,942,279,137,19,28,2530
41601,942,279,137,19,28,2531
41602,942,282,138,20,29,2532
41603,942,282,138,20,29,2533
41604,942,289,143,20,29,2535
41605,942,289,143,20,29,2536
41606,942,268,132,18,26,2524
41607,942,268,132,18,26,2525
41608,942,268,132,18,26,2524
41609,942,268,132,18,26,2525
41610,942,268,132,18,26,2524
41611,942,268,132,18,26,2525
41612,942,268,132,18,26,2524
41613,942,268,132,18,26,2525
41614,942,268,132,18,26,2524
41615,942,268,132,18,26,2525
41616,942,268,132,18,26,2524
41617,942,268,132,18,26,2525
41618,942,268,132,18,26,2524
41619,942,268,132,18,26,2525
41620,942,268,132,18,26,2524
41621,942,268,132,18,26,2525
41622,942,268,132,18,26,2524
41623,942,268,132,18,26,2525
41624,942,268,132,18,26,2524
41625,942,268,132,18,26,2525
46887,1428,314,91,17,44,3028
46888,1428,314,91,17,44,3029
46889,1428,310,92,15,40,3031
46890,1428,301,90,15,41,3035
46891,1428,301,90,15,41,3036
46892,1428,298,90,14,38,3037
46893,1428,298,90,14,38,3038
46894,1428,295,89,15,38,3039
46895,1428,295,89,15,38,3040
46896,1428,277,87,15,35,3050
46897,1428,277,87,14,35,3051
46898,1428,273,87,14,35,3052
46899,1428,273,87,14,35,3053
46900,1428,277,87,15,35,3050
46901,1428,277,87,14,35,3051
46902,1428,273,87,14,35,3052
46903,1428,273,87,14,35,3053
46904,1428,314,91,17,44,3028
46905,1428,314,91,17,44,3029
46906,1428,310,92,15,40,3031
46907,1428,301,90,15,41,3035
46908,1428,301,90,15,41,3036
46909,1428,298,90,14,38,3037
46910,1428,298,90,14,38,3038
46911,1428,295,89,15,38,3039
46912,1428,295,89,15,38,3040
46913,1428,298,90,14,38,3037
46914,1428,298,90,14,38,3038
46915,1428,295,89,15,38,3039
46916,1428,295,89,15,38,3040
46917,1428,301,90,15,41,3035
46918,1428,301,90,15,41,3036
46919,1428,301,90,15,41,3035
46920,1428,301,90,15,41,3036
46921,1428,301,90,15,41,3035
46922,1428,301,90,15,41,3036
46923,1428,301,90,15,41,3035
46924,1428,301,90,15,41,3036
46925,1428,301,90,15,41,3035
46926,1428,301,90,15,41,3036
46927,1428,301,90,15,41,3035
46928,1428,301,90,15,41,3036
46929,1428,301,90,15,41,3035
46930,1428,301,90,15,41,3036
46931,1428,301,90,15,41,3035
46932,1428,301,90,15,41,3036
46933,1428,301,90,15,41,3035
46934,1428,301,90,15,41,3036
46935,1428,301,90,15,41,3035
46936,1428,301,90,15,41,3036
50457,1562,312,84,15,35,3160
50458,1562,312,84,15,35,3161
50459,1562,307,83,16,34,3164
50460,1562,307,83,16,34,3165
50461,1562,304,84,14,33,3166
50462,1562,304,84,14,33,3167
50463,1562,302,84,14,33,3168
50464,1562,299,84,14,33,3169
50465,1562,299,84,14,33,3170
50466,1562,294,84,14,32,3173
50467,1562,294,84,14,32,3174
50468,1562,291,83,14,31,3175
50469,1562,291,83,14,31,3176
50470,1562,288,83,14,32,3177
50471,1562,288,83,14,32,3178
50472,1562,312,84,15,35,3160
50473,1562,312,84,15,35,3161
50474,1562,307,83,16,34,3164
50475,1562,307,83,16,34,3165
50476,1562,304,84,14,33,3166
50477,1562,304,84,14,33,3167
50478,1562,302,84,14,33,3168
50479,1562,299,84,14,33,3169
50480,1562,299,84,14,33,3170
50481,1562,294,84,14,32,3173
50482,1562,294,84,14,32,3174
50483,1562,291,83,14,31,3175
50484,1562,291,83,14,31,3176
50485,1562,288,83,14,32,3177
50486,1562,288,83,14,32,3178
50487,1562,299,84,14,33,3169
50488,1562,299,84,14,33,3170
50489,1562,294,84,14,32,3173
50490,1562,294,84,14,32,3174
50491,1562,291,83,14,31,3175
50492,1562,291,83,14,31,3176
50493,1562,288,83,14,32,3177
50494,1562,288,83,14,32,3178
50495,1562,304,84,14,33,3166
50496,1562,304,84,14,33,3167
50497,1562,302,84,14,33,3168
50498,1562,307,83,16,34,3164
50499,1562,307,83,16,34,3165
50500,1562,307,83,16,34,3164
50501,1562,307,83,16,34,3165
50502,1562,307,83,16,34,3164
50503,1562,307,83,16,34,3165
50504,1562,307,83,16,34,3164
50505,1562,307,83,16,34,3165
50506,1562,307,83,16,34,3164
50507,1562,307,83,16,34,3165
50508,1562,307,83,16,34,3164
50509,1562,307,83,16,34,3165
50510,1562,307,83,16,34,3164
50511,1562,307,83,16,34,3165
50512,1562,307,83,16,34,3164
50513,1562,307,83,16,34,3165
50514,1562,307,83,16,34,3164
50515,1562,307,83,16,34,3165
50516,1562,307,83,16,34,3164
50517,1562,307,83,16,34,3165
55432,2056,588,124,25,53,3581
55433,2056,588,124,25,52,3582
55434,2056,583,123,24,51,3583
55435,2056,572,121,24,48,3584
55436,2056,572,121,24,48,3585
55437,2056,560,119,23,48,3586
55438,2056,560,119,23,48,3587
55439,2056,550,117,22,46,3588
55440,2056,550,117,22,46,3589
55441,2056,540,115,22,46,3590
55442,2056,540,115,22,46,3591
55443,2056,588,124,25,53,3581
55444,2056,588,124,25,52,3582
55445,2056,583,123,24,51,3583
55446,2056,572,121,24,48,3584
55447,2056,572,121,24,48,3585
55448,2056,560,119,23,48,3586
55449,2056,560,119,23,48,3587
55450,2056,550,117,22,46,3588
55451,2056,550,117,22,46,3589
55452,2056,540,115,22,46,3590
55453,2056,540,115,22,46,3591
55454,2056,588,124,25,53,3581
55455,2056,588,124,25,52,3582
55456,2056,583,123,24,51,3583
55457,2056,572,121,24,48,3584
55458,2056,572,121,24,48,3585
55459,2056,560,119,23,48,3586
55460,2056,560,119,23,48,3587
55461,2056,550,117,22,46,3588
55462,2056,550,117,22,46,3589
55463,2056,540,115,22,46,3590
55464,2056,540,115,22,46,3591
55465,2056,588,124,25,53,3581
55466,2056,588,124,25,52,3582
55467,2056,583,123,24,51,3583
55468,2056,572,121,24,48,3584
55469,2056,572,121,24,48,3585
55470,2056,560,119,23,48,3586
55471,2056,560,119,23,48,3587
55472,2056,550,117,22,46,3588
55473,2056,550,117,22,46,3589
55474,2056,540,115,22,46,3590
55475,2056,540,115,22,46,3591
55476,2056,588,124,25,53,3581
55477,2056,588,124,25,52,3582
55478,2056,583,123,24,51,3583
55479,2056,572,121,24,48,3584
55480,2056,572,121,24,48,3585
55481,2056,560,119,23,48,3586
55482,2056,560,119,23,48,3587
55483,2056,550,117,22,46,3588
55484,2056,550,117,22,46,3589
55485,2056,540,115,22,46,3590
55486,2056,540,115,22,46,3591
55487,2056,588,124,25,53,3581
55488,2056,588,124,25,52,3582
55489,2056,583,123,24,51,3583
55490,2056,572,121,24,48,3584
55491,2056,572,121,24,48,3585
55492,2056,560,119,23,48,3586
55493,2056,560,119,23,48,3587
55494,2056,550,117,22,46,3588
55495,2056,550,117,22,46,3589
55496,2056,540,115,22,46,3590
55497,2056,540,115,22,46,3591
55498,2056,588,124,25,53,3581
55499,2056,588,124,25,52,3582
55500,2056,583,123,24,51,3583
55501,2056,572,121,24,48,3584
55502,2056,572,121,24,48,3585
55503,2056,560,119,23,48,3586
55504,2056,560,119,23,48,3587
55505,2056,550,117,22,46,3588
55506,2056,550,117,22,46,3589
55507,2056,540,115,22,46,3590
55508,2056,540,115,22,46,3591
55509,2056,588,124,25,53,3581
55510,2056,588,124,25,52,3582
55511,2056,583,123,24,51,3583
55512,2056,572,121,24,48,3584
55513,2056,572,121,24,48,3585
55514,2056,560,119,23,48,3586
55515,2056,560,119,23,48,3587
55516,2056,550,117,22,46,3588
55517,2056,550,117,22,46,3589
55518,2056,540,115,22,46,3590
55519,2056,540,115,22,46,3591
55520,2056,588,124,25,53,3581
55521,2056,588,124,25,52,3582
55522,2056,583,123,24,51,3583
55523,2056,572,121,24,48,3584
55524,2056,572,121,24,48,3585
55525,2056,560,119,23,48,3586
55526,2056,560,119,23,48,3587
55527,2056,550,117,22,46,3588
55528,2056,550,117,22,46,3589
55529,2056,540,115,22,46,3590
55530,2056,540,115,22,46,3591
55531,2056,588,124,25,53,3581
55532,2056,588,124,25,52,3582
55533,2056,583,123,24,51,3583
55534,2056,572,121,24,48,3584
55535,2056,572,121,24,48,3585
55536,2056,560,119,23,48,3586
55537,2056,560,119,23,48,3587
55538,2056,550,117,22,46,3588
55539,2056,550,117,22,46,3589
55540,2056,540,115,22,46,3590
55541,2056,540,115,22,46,3591
55542,2056,588,124,25,53,3581
55543,2056,588,124,25,52,3582
55544,2056,583,123,24,51,3583
55545,2056,572,121,24,48,3584
55546,2056,572,121,24,48,3585
55547,2056,560,119,23,48,3586
55548,2056,560,119,23,48,3587
55549,2056,550,117,22,46,3588
55550,2056,550,117,22,46,3589
55551,2056,540,115,22,46,3590
55552,2056,540,115,22,46,3591
55553,2056,588,124,25,53,3581
55554,2056,588,124,25,52,3582
55555,2056,583,123,24,51,3583
55556,2056,572,121,24,48,3584
55557,2056,572,121,24,48,3585
55558,2056,560,119,23,48,3586
55559,2056,560,119,23,48,3587
55560,2056,550,117,22,46,3588
55561,2056,550,117,22,46,3589
55562,2056,540,115,22,46,3590
55563,2056,540,115,22,46,3591
55564,2056,588,124,25,53,3581
55565,2056,588,124,25,52,3582
55566,2056,583,123,24,51,3583
55567,2056,572,121,24,48,3584
55568,2056,572,121,24,48,3585
55569,2056,560,119,23,48,3586
55570,2056,560,119,23,48,3587
55571,2056,550,117,22,46,3588
55572,2056,550,117,22,46,3589
56860,2140,279,120,15,24,3678
56861,2140,279,120,15,24,3679
56862,2140,295,126,15,24,3685
56863,2140,295,126,15,24,3686
56864,2140,299,128,15,26,3687
56865,2140,299,128,15,26,3688
56866,2140,304,129,16,25,3690
56867,2140,307,132,16,28,3691
56868,2140,307,132,16,28,3692
56869,2140,313,133,17,28,3693
56870,2140,313,133,17,28,3694
56871,2140,317,134,17,28,3695
56872,2140,322,137,18,29,3696
56873,2140,322,137,18,29,3697
56874,2140,328,139,18,30,3698
56875,2140,328,139,18,30,3699
56876,2140,334,142,19,31,3700
56877,2140,334,142,19,31,3701
56878,2140,279,120,15,24,3678
56879,2140,279,120,15,24,3679
56880,2140,295,126,15,24,3685
56881,2140,295,126,15,24,3686
56882,2140,299,128,15,26,3687
56883,2140,299,128,15,26,3688
56884,2140,304,129,16,25,3690
56885,2140,307,132,16,28,3691
56886,2140,307,132,16,28,3692
56887,2140,313,133,17,28,3693
56888,2140,313,133,17,28,3694
56889,2140,317,134,17,28,3695
56890,2140,322,137,18,29,3696
56891,2140,322,137,18,29,3697
56892,2140,328,139,18,30,3698
56893,2140,328,139,18,30,3699
56894,2140,334,142,19,31,3700
56895,2140,334,142,19,31,3701
56896,2140,279,120,15,24,3678
56897,2140,279,120,15,24,3679
56898,2140,295,126,15,24,3685
56899,2140,295,126,15,24,3686
56900,2140,299,128,15,26,3687
56901,2140,299,128,15,26,3688
56902,2140,304,129,16,25,3690
56903,2140,307,132,16,28,3691
56904,2140,307,132,16,28,3692
56905,2140,313,133,17,28,3693
56906,2140,313,133,17,28,3694
56907,2140,317,134,17,28,3695
56908,2140,322,137,18,29,3696
56909,2140,322,137,18,29,3697
56910,2140,328,139,18,30,3698
56911,2140,328,139,18,30,3699
56912,2140,334,142,19,31,3700
56913,2140,334,142,19,31,3701
56914,2140,279,120,15,24,3678
56915,2140,279,120,15,24,3679
56916,2140,295,126,15,24,3685
56917,2140,295,126,15,24,3686
56918,2140,299,128,15,26,3687
56919,2140,299,128,15,26,3688
56920,2140,304,129,16,25,3690
56921,2140,313,133,17,28,3693
56922,2140,313,133,17,28,3694
56923,2140,317,134,17,28,3695
56924,2140,322,137,18,29,3696
56925,2140,322,137,18,29,3697
56926,2140,307,132,16,28,3691
56927,2140,307,132,16,28,3692
56928,2140,334,142,19,31,3700
56929,2140,334,142,19,31,3701
56930,2140,307,132,16,28,3691
56931,2140,307,132,16,28,3692
56932,2140,334,142,19,31,3700
56933,2140,334,142,19,31,3701
56934,2140,307,132,16,28,3691
56935,2140,307,132,16,28,3692
56936,2140,334,142,19,31,3700
56937,2140,334,142,19,31,3701
56938,2140,307,132,16,28,3691
56939,2140,307,132,16,28,3692
56940,2140,334,142,19,31,3700
56941,2140,334,142,19,31,3701
56942,2140,307,132,16,28,3691
56943,2140,307,132,16,28,3692
56944,2140,334,142,19,31,3700
56945,2140,334,142,19,31,3701
56946,2140,307,132,16,28,3691
56947,2140,307,132,16,28,3692
56948,2140,334,142,19,31,3700
56949,2140,334,142,19,31,3701
56950,2140,307,132,16,28,3691
56951,2140,307,132,16,28,3692
56952,2140,334,142,19,31,3700
56953,2140,334,142,19,31,3701
56954,2140,307,132,16,28,3691
56955,2140,307,132,16,28,3692
56956,2140,334,142,19,31,3700
56957,2140,334,142,19,31,3701
58646,2205,276,114,15,22,3796
58647,2205,287,118,15,24,3801
58648,2205,287,118,15,24,3802
58649,2205,292,119,16,23,3803
58650,2205,292,119,16,23,3804
58651,2205,296,121,16,24,3805
58652,2205,296,121,16,24,3806
58653,2205,299,122,16,24,3807
58654,2205,303,123,17,24,3808
58655,2205,303,123,17,24,3809
58656,2205,308,126,16,25,3810
58657,2205,308,126,16,25,3811
58658,2205,312,128,16,27,3812
58659,2205,312,128,16,27,3813
58660,2205,318,130,17,27,3814
58661,2205,318,130,17,27,3815
58662,2205,323,132,17,28,3816
58663,2205,323,132,17,28,3817
58664,2205,325,133,18,28,3818
58665,2205,331,135,19,29,3819
58666,2205,331,135,19,29,3820
58667,2205,276,114,15,22,3796
58668,2205,287,118,15,24,3801
58669,2205,287,118,15,24,3802
58670,2205,292,119,16,23,3803
58671,2205,292,119,16,23,3804
58672,2205,296,121,16,24,3805
58673,2205,296,121,16,24,3806
58674,2205,299,122,16,24,3807
58675,2205,303,123,17,24,3808
58676,2205,303,123,17,24,3809
58677,2205,308,126,16,25,3810
58678,2205,308,126,16,25,3811
58679,2205,312,128,16,27,3812
58680,2205,312,128,16,27,3813
58681,2205,318,130,17,27,3814
58682,2205,318,130,17,27,3815
58683,2205,323,132,17,28,3816
58684,2205,323,132,17,28,3817
58685,2205,325,133,18,28,3818
58686,2205,331,135,19,29,3819
58687,2205,331,135,19,29,3820
58688,2205,287,118,15,24,3801
58689,2205,287,118,15,24,3802
58690,2205,296,121,16,24,3805
58691,2205,296,121,16,24,3806
58692,2205,299,122,16,24,3807
58693,2205,303,123,17,24,3808
58694,2205,303,123,17,24,3809
58695,2205,308,126,16,25,3810
58696,2205,308,126,16,25,3811
58697,2205,318,130,17,27,3814
58698,2205,318,130,17,27,3815
58699,2205,323,132,17,28,3816
58700,2205,323,132,17,28,3817
58701,2205,325,133,18,28,3818
58702,2205,292,119,16,23,3803
58703,2205,292,119,16,23,3804
58704,2205,312,128,16,27,3812
58705,2205,312,128,16,27,3813
58706,2205,292,119,16,23,3803
58707,2205,292,119,16,23,3804
58708,2205,312,128,16,27,3812
58709,2205,312,128,16,27,3813
58710,2205,292,119,16,23,3803
58711,2205,292,119,16,23,3804
58712,2205,312,128,16,27,3812
58713,2205,312,128,16,27,3813
58714,2205,292,119,16,23,3803
58715,2205,292,119,16,23,3804
58716,2205,312,128,16,27,3812
58717,2205,312,128,16,27,3813
58718,2205,292,119,16,23,3803
58719,2205,292,119,16,23,3804
58720,2205,312,128,16,27,3812
58721,2205,312,128,16,27,3813
58722,2205,292,119,16,23,3803
58723,2205,292,119,16,23,3804
58724,2205,312,128,16,27,3812
58725,2205,312,128,16,27,3813
58726,2205,292,119,16,23,3803
58727,2205,292,119,16,23,3804
58728,2205,312,128,16,27,3812
58729,2205,312,128,16,27,3813
58730,2205,292,119,16,23,3803
58731,2205,292,119,16,23,3804
58732,2205,312,128,16,27,3812
58733,2205,312,128,16,27,3813
72125,3137,364,144,36,47,4749
72126,3137,364,144,36,47,4750
72127,3137,370,148,36,50,4751
72128,3137,370,148,36,50,4752
72129,3137,377,151,37,52,4753
72130,3137,377,151,37,52,4754
72131,3137,385,154,38,53,4755
72132,3137,385,154,38,53,4756
72133,3137,388,156,39,55,4757
72134,3137,397,160,40,58,4758
72135,3137,397,160,40,58,4759
72136,3137,364,144,36,47,4749
72137,3137,364,144,36,47,4750
72138,3137,370,148,36,50,4751
72139,3137,370,148,36,50,4752
72140,3137,377,151,37,52,4753
72141,3137,377,151,37,52,4754
72142,3137,385,154,38,53,4755
72143,3137,385,154,38,53,4756
72144,3137,388,156,39,55,4757
72145,3137,397,160,40,58,4758
72146,3137,397,160,40,58,4759
72147,3137,364,144,36,47,4749
72148,3137,364,144,36,47,4750
72149,3137,370,148,36,50,4751
72150,3137,370,148,36,50,4752
72151,3137,377,151,37,52,4753
72152,3137,377,151,37,52,4754
72153,3137,385,154,38,53,4755
72154,3137,385,154,38,53,4756
72155,3137,388,156,39,55,4757
72156,3137,397,160,40,58,4758
72157,3137,397,160,40,58,4759
72158,3137,364,144,36,47,4749
72159,3137,364,144,36,47,4750
72160,3137,370,148,36,50,4751
72161,3137,370,148,36,50,4752
72162,3137,377,151,37,52,4753
72163,3137,377,151,37,52,4754
72164,3137,385,154,38,53,4755
72165,3137,385,154,38,53,4756
72166,3137,388,156,39,55,4757
72167,3137,397,160,40,58,4758
72168,3137,397,160,40,58,4759
72169,3137,364,144,36,47,4749
72170,3137,364,144,36,47,4750
72171,3137,370,148,36,50,4751
72172,3137,370,148,36,50,4752
72173,3137,377,151,37,52,4753
72174,3137,377,151,37,52,4754
72175,3137,385,154,38,53,4755
72176,3137,385,154,38,53,4756
72177,3137,388,156,39,55,4757
72178,3137,397,160,40,58,4758
72179,3137,397,160,40,58,4759
72180,3137,364,144,36,47,4749
72181,3137,364,144,36,47,4750
72182,3137,370,148,36,50,4751
72183,3137,370,148,36,50,4752
72184,3137,377,151,37,52,4753
72185,3137,377,151,37,52,4754
72186,3137,385,154,38,53,4755
72187,3137,385,154,38,53,4756
72188,3137,388,156,39,55,4757
72189,3137,397,160,40,58,4758
72190,3137,397,160,40,58,4759
72191,3137,364,144,36,47,4749
72192,3137,364,144,36,47,4750
72193,3137,370,148,36,50,4751
72194,3137,370,148,36,50,4752
72195,3137,377,151,37,52,4753
72196,3137,377,151,37,52,4754
72197,3137,385,154,38,53,4755
72198,3137,385,154,38,53,4756
72199,3137,388,156,39,55,4757
72200,3137,397,160,40,58,4758
72201,3137,397,160,40,58,4759
72202,3137,364,144,36,47,4749
72203,3137,364,144,36,47,4750
72204,3137,370,148,36,50,4751
72205,3137,370,148,36,50,4752
72206,3137,377,151,37,52,4753
72207,3137,377,151,37,52,4754
72208,3137,385,154,38,53,4755
72209,3137,385,154,38,53,4756
72210,3137,388,156,39,55,4757
72211,3137,397,160,40,58,4758
72212,3137,397,160,40,58,4759
72213,3137,364,144,36,47,4749
72214,3137,364,144,36,47,4750
72215,3137,377,151,37,52,4753
72216,3137,377,151,37,52,4754
72217,3137,385,154,38,53,4755
72218,3137,385,154,38,53,4756
72219,3137,388,156,39,55,4757
72220,3137,370,148,36,50,4751
72221,3137,370,148,36,50,4752
72222,3137,370,148,36,50,4751
72223,3137,370,148,36,50,4752
72224,3137,370,148,36,50,4751
72225,3137,370,148,36,50,4752
72226,3137,370,148,36,50,4751
72227,3137,370,148,36,50,4752
86896,5071,503,131,22,41,6670
86897,5071,503,131,22,41,6671
86898,5071,492,129,21,40,6672
86899,5071,492,129,21,40,6673
86900,5071,487,127,22,39,6674
86901,5071,476,125,19,39,6675
86902,5071,476,125,19,39,6676
86903,5071,467,122,21,36,6677
86904,5071,467,122,21,36,6678
86905,5071,458,121,19,36,6679
86906,5071,458,121,19,36,6680
86907,5071,503,131,22,41,6670
86908,5071,503,131,22,41,6671
86909,5071,492,129,21,40,6672
86910,5071,492,129,21,40,6673
86911,5071,487,127,22,39,6674
86912,5071,476,125,19,39,6675
86913,5071,476,125,19,39,6676
86914,5071,467,122,21,36,6677
86915,5071,467,122,21,36,6678
86916,5071,458,121,19,36,6679
86917,5071,458,121,19,36,6680
86918,5071,503,131,22,41,6670
86919,5071,503,131,22,41,6671
86920,5071,492,129,21,40,6672
86921,5071,492,129,21,40,6673
86922,5071,487,127,22,39,6674
86923,5071,476,125,19,39,6675
86924,5071,476,125,19,39,6676
86925,5071,467,122,21,36,6677
86926,5071,467,122,21,36,6678
86927,5071,458,121,19,36,6679
86928,5071,458,121,19,36,6680
86929,5071,503,131,22,41,6670
86930,5071,503,131,22,41,6671
86931,5071,492,129,21,40,6672
86932,5071,492,129,21,40,6673
86933,5071,487,127,22,39,6674
86934,5071,476,125,19,39,6675
86935,5071,476,125,19,39,6676
86936,5071,467,122,21,36,6677
86937,5071,467,122,21,36,6678
86938,5071,458,121,19,36,6679
86939,5071,458,121,19,36,6680
86940,5071,503,131,22,41,6670
86941,5071,503,131,22,41,6671
86942,5071,492,129,21,40,6672
86943,5071,492,129,21,40,6673
86944,5071,487,127,22,39,6674
86945,5071,476,125,19,39,6675
86946,5071,476,125,19,39,6676
86947,5071,467,122,21,36,6677
86948,5071,467,122,21,36,6678
86949,5071,458,121,19,36,6679
86950,5071,458,121,19,36,6680
86951,5071,503,131,22,41,6670
86952,5071,503,131,22,41,6671
86953,5071,492,129,21,40,6672
86954,5071,492,129,21,40,6673
86955,5071,487,127,22,39,6674
86956,5071,476,125,19,39,6675
86957,5071,476,125,19,39,6676
86958,5071,467,122,21,36,6677
86959,5071,467,122,21,36,6678
86960,5071,458,121,19,36,6679
86961,5071,458,121,19,36,6680
86962,5071,503,131,22,41,6670
86963,5071,503,131,22,41,6671
86964,5071,492,129,21,40,6672
86965,5071,492,129,21,40,6673
86966,5071,487,127,22,39,6674
86967,5071,476,125,19,39,6675
86968,5071,476,125,19,39,6676
86969,5071,467,122,21,36,6677
86970,5071,467,122,21,36,6678
86971,5071,458,121,19,36,6679
86972,5071,458,121,19,36,6680
86973,5071,503,131,22,41,6670
86974,5071,503,131,22,41,6671
86975,5071,492,129,21,40,6672
86976,5071,492,129,21,40,6673
86977,5071,487,127,22,39,6674
86978,5071,476,125,19,39,6675
86979,5071,476,125,19,39,6676
86980,5071,467,122,21,36,6677
86981,5071,467,122,21,36,6678
86982,5071,458,121,19,36,6679
86983,5071,458,121,19,36,6680
86984,5071,503,131,22,41,6670
86985,5071,503,131,22,41,6671
86986,5071,492,129,21,40,6672
86987,5071,492,129,21,40,6673
86988,5071,487,127,22,39,6674
86989,5071,476,125,19,39,6675
86990,5071,476,125,19,39,6676
86991,5071,467,122,21,36,6677
86992,5071,467,122,21,36,6678
86993,5071,458,121,19,36,6679
86994,5071,458,121,19,36,6680
86995,5071,503,131,22,41,6670
86996,5071,503,131,22,41,6671
86997,5071,492,129,21,40,6672
86998,5071,492,129,21,40,6673
86999,5071,487,127,22,39,6674
87000,5071,476,125,19,39,6675
87001,5071,476,125,19,39,6676
87002,5071,467,122,21,36,6677
87003,5071,467,122,21,36,6678
87004,5071,458,121,19,36,6679
87005,5071,458,121,19,36,6680
87006,5071,492,129,21,40,6672
87007,5071,492,129,21,40,6673
87008,5071,487,127,22,39,6674
87009,5071,476,125,19,39,6675
87010,5071,476,125,19,39,6676
87011,5071,467,122,21,36,6677
87012,5071,467,122,21,36,6678
87013,5071,467,122,21,36,6677
87014,5071,467,122,21,36,6678
93864,6336,363,164,70,79,7723
93865,6336,363,164,70,79,7724
93866,6336,374,166,82,83,7725
93867,6336,373,175,71,85,7726
93868,6336,381,158,97,88,7727
93869,6336,380,158,96,89,7728
93870,6336,391,164,95,86,7729
93871,6336,391,164,95,86,7730
93872,6336,405,165,95,84,7731
93873,6336,405,165,95,84,7732
93874,6336,418,169,108,88,7733
93875,6336,418,169,107,88,7734
93876,6336,419,172,119,103,7735
93877,6336,430,176,123,108,7736
93878,6336,430,177,122,108,7737
93879,6336,442,183,138,122,7738
93880,6336,442,183,138,122,7739
93881,6336,457,197,140,138,7740
93882,6336,457,196,141,139,7741
93883,6336,472,194,163,148,7742
93884,6336,472,194,163,147,7743
93885,6336,363,164,70,79,7723
93886,6336,363,164,70,79,7724
93887,6336,374,166,82,83,7725
93888,6336,373,175,71,85,7726
93889,6336,381,158,97,88,7727
93890,6336,380,158,96,89,7728
93891,6336,391,164,95,86,7729
93892,6336,391,164,95,86,7730
93893,6336,405,165,95,84,7731
93894,6336,405,165,95,84,7732
93895,6336,418,169,108,88,7733
93896,6336,418,169,107,88,7734
93897,6336,419,172,119,103,7735
93898,6336,430,176,123,108,7736
93899,6336,430,177,122,108,7737
93900,6336,442,183,138,122,7738
93901,6336,442,183,138,122,7739
93902,6336,457,197,140,138,7740
93903,6336,457,196,141,139,7741
93904,6336,472,194,163,148,7742
93905,6336,472,194,163,147,7743
93906,6336,363,164,70,79,7723
93907,6336,363,164,70,79,7724
93908,6336,374,166,82,83,7725
93909,6336,373,175,71,85,7726
93910,6336,381,158,97,88,7727
93911,6336,380,158,96,89,7728
93912,6336,391,164,95,86,7729
93913,6336,391,164,95,86,7730
93914,6336,405,165,95,84,7731
93915,6336,405,165,95,84,7732
93916,6336,418,169,108,88,7733
93917,6336,418,169,107,88,7734
93918,6336,419,172,119,103,7735
93919,6336,430,176,123,108,7736
93920,6336,430,177,122,108,7737
93921,6336,442,183,138,122,7738
93922,6336,442,183,138,122,7739
93923,6336,457,197,140,138,7740
93924,6336,457,196,141,139,7741
93925,6336,472,194,163,148,7742
93926,6336,472,194,163,147,7743
93927,6336,363,164,70,79,7723
93928,6336,363,164,70,79,7724
93929,6336,374,166,82,83,7725
93930,6336,373,175,71,85,7726
93931,6336,381,158,97,88,7727
93932,6336,380,158,96,89,7728
93933,6336,391,164,95,86,7729
93934,6336,391,164,95,86,7730
93935,6336,405,165,95,84,7731
93936,6336,405,165,95,84,7732
93937,6336,418,169,108,88,7733
93938,6336,418,169,107,88,7734
93939,6336,419,172,119,103,7735
93940,6336,430,176,123,108,7736
93941,6336,430,177,122,108,7737
93942,6336,442,183,138,122,7738
93943,6336,442,183,138,122,7739
93944,6336,457,197,140,138,7740
93945,6336,457,196,141,139,7741
93946,6336,472,194,163,148,7742
93947,6336,472,194,163,147,7743
93948,6336,363,164,70,79,7723
93949,6336,363,164,70,79,7724
93950,6336,374,166,82,83,7725
93951,6336,373,175,71,85,7726
93952,6336,381,158,97,88,7727
93953,6336,380,158,96,89,7728
93954,6336,391,164,95,86,7729
93955,6336,391,164,95,86,7730
93956,6336,405,165,95,84,7731
93957,6336,405,165,95,84,7732
93958,6336,418,169,108,88,7733
93959,6336,418,169,107,88,7734
93960,6336,419,172,119,103,7735
93961,6336,430,176,123,108,7736
93962,6336,430,177,122,108,7737
93963,6336,442,183,138,122,7738
93964,6336,442,183,138,122,7739
93965,6336,457,197,140,138,7740
93966,6336,457,196,141,139,7741
93967,6336,472,194,163,148,7742
93968,6336,472,194,163,147,7743
93969,6336,363,164,70,79,7723
93970,6336,363,164,70,79,7724
93971,6336,374,166,82,83,7725
93972,6336,373,175,71,85,7726
93973,6336,381,158,97,88,7727
93974,6336,380,158,96,89,7728
93975,6336,391,164,95,86,7729
93976,6336,391,164,95,86,7730
93977,6336,405,165,95,84,7731
93978,6336,405,165,95,84,7732
93979,6336,418,169,108,88,7733
93980,6336,418,169,107,88,7734
93981,6336,419,172,119,103,7735
93982,6336,430,176,123,108,7736
93983,6336,430,177,122,108,7737
93984,6336,442,183,138,122,7738
93985,6336,442,183,138,122,7739
93986,6336,457,197,140,138,7740
93987,6336,457,196,141,139,7741
93988,6336,472,194,163,148,7742
93989,6336,472,194,163,147,7743
93990,6336,363,164,70,79,7723
93991,6336,363,164,70,79,7724
93992,6336,374,166,82,83,7725
93993,6336,373,175,71,85,7726
93994,6336,381,158,97,88,7727
93995,6336,380,158,96,89,7728
93996,6336,391,164,95,86,7729
93997,6336,391,164,95,86,7730
93998,6336,405,165,95,84,7731
93999,6336,405,165,95,84,7732
94000,6336,418,169,108,88,7733
94001,6336,418,169,107,88,7734
94002,6336,419,172,119,103,7735
94003,6336,430,176,123,108,7736
94004,6336,430,177,122,108,7737
94005,6336,442,183,138,122,7738
94006,6336,442,183,138,122,7739
94007,6336,457,197,140,138,7740
94008,6336,457,196,141,139,7741
94009,6336,472,194,163,148,7742
94010,6336,472,194,163,147,7743
94011,6336,363,164,70,79,7723
94012,6336,363,164,70,79,7724
94013,6336,374,166,82,83,7725
94014,6336,373,175,71,85,7726
94015,6336,381,158,97,88,7727
94016,6336,380,158,96,89,7728
94017,6336,391,164,95,86,7729
94018,6336,391,164,95,86,7730
94019,6336,405,165,95,84,7731
94020,6336,405,165,95,84,7732
94021,6336,418,169,108,88,7733
94022,6336,418,169,107,88,7734
94023,6336,419,172,119,103,7735
94024,6336,430,176,123,108,7736
94025,6336,430,177,122,108,7737
94026,6336,442,183,138,122,7738
94027,6336,442,183,138,122,7739
94028,6336,457,197,140,138,7740
94029,6336,457,196,141,139,7741
94030,6336,472,194,163,148,7742
94031,6336,472,194,163,147,7743
94032,6336,363,164,70,79,7723
94033,6336,363,164,70,79,7724
94034,6336,374,166,82,83,7725
94035,6336,373,175,71,85,7726
94036,6336,381,158,97,88,7727
94037,6336,380,158,96,89,7728
94038,6336,391,164,95,86,7729
94039,6336,391,164,95,86,7730
94040,6336,405,165,95,84,7731
94041,6336,405,165,95,84,7732
94042,6336,418,169,108,88,7733
94043,6336,418,169,107,88,7734
94044,6336,419,172,119,103,7735
94045,6336,430,176,123,108,7736
94046,6336,430,177,122,108,7737
94047,6336,442,183,138,122,7738
94048,6336,442,183,138,122,7739
94049,6336,457,197,140,138,7740
94050,6336,457,196,141,139,7741
94051,6336,472,194,163,148,7742
94052,6336,472,194,163,147,7743
94053,6336,381,158,97,88,7727
94054,6336,391,164,95,86,7729
94055,6336,391,164,95,86,7730
94056,6336,405,165,95,84,7731
94057,6336,405,165,95,84,7732
94058,6336,418,169,108,88,7733
94059,6336,418,169,107,88,7734
94060,6336,419,172,119,103,7735
94061,6336,442,183,138,122,7738
94062,6336,442,183,138,122,7739
94063,6336,457,197,140,138,7740
94064,6336,457,196,141,139,7741
94065,6336,472,194,163,148,7742
94066,6336,472,194,163,147,7743
102015,7956,271,163,26,34,9218
102016,7956,271,163,26,34,9219
102017,7956,274,164,28,35,9220
102018,7956,274,164,28,35,9221
102019,7956,277,167,28,35,9222
102020,7956,277,167,28,35,9223
102021,7956,278,169,28,37,9224
102022,7956,281,171,30,37,9225
102023,7956,281,171,30,37,9226
102024,7956,284,175,30,39,9227
102025,7956,284,175,30,39,9228
102026,7956,271,163,26,34,9218
102027,7956,271,163,26,34,9219
102028,7956,274,164,28,35,9220
102029,7956,274,164,28,35,9221
102030,7956,277,167,28,35,9222
102031,7956,277,167,28,35,9223
102032,7956,278,169,28,37,9224
102033,7956,281,171,30,37,9225
102034,7956,281,171,30,37,9226
102035,7956,284,175,30,39,9227
102036,7956,284,175,30,39,9228
102037,7956,271,163,26,34,9218
102038,7956,271,163,26,34,9219
102039,7956,274,164,28,35,9220
102040,7956,274,164,28,35,9221
102041,7956,277,167,28,35,9222
102042,7956,277,167,28,35,9223
102043,7956,278,169,28,37,9224
102044,7956,281,171,30,37,9225
102045,7956,281,171,30,37,9226
102046,7956,284,175,30,39,9227
102047,7956,284,175,30,39,9228
102048,7956,271,163,26,34,9218
102049,7956,271,163,26,34,9219
102050,7956,274,164,28,35,9220
102051,7956,274,164,28,35,9221
102052,7956,277,167,28,35,9222
102053,7956,277,167,28,35,9223
102054,7956,278,169,28,37,9224
102055,7956,281,171,30,37,9225
102056,7956,281,171,30,37,9226
102057,7956,284,175,30,39,9227
102058,7956,284,175,30,39,9228
102059,7956,277,167,28,35,9222
102060,7956,277,167,28,35,9223
102061,7956,278,169,28,37,9224
102062,7956,281,171,30,37,9225
102063,7956,281,171,30,37,9226
102064,7988,302,191,36,45,9238
102065,7988,302,191,36,45,9239
102066,7988,306,194,36,46,9240
102067,7988,306,194,36,46,9241
102068,7988,310,197,38,48,9242
102069,7988,310,197,38,49,9243
102070,7988,313,201,37,49,9244
102071,7988,313,201,37,49,9245
102072,7988,317,202,41,49,9246
102073,7988,322,208,41,51,9247
102074,7988,322,208,41,51,9248
102075,7988,302,191,36,45,9238
102076,7988,302,191,36,45,9239
102077,7988,306,194,36,46,9240
102078,7988,306,194,36,46,9241
102079,7988,310,197,38,48,9242
102080,7988,310,197,38,49,9243
102081,7988,313,201,37,49,9244
102082,7988,313,201,37,49,9245
102083,7988,317,202,41,49,9246
102084,7988,322,208,41,51,9247
102085,7988,322,208,41,51,9248
102086,7988,302,191,36,45,9238
102087,7988,302,191,36,45,9239
102088,7988,306,194,36,46,9240
102089,7988,306,194,36,46,9241
102090,7988,310,197,38,48,9242
102091,7988,310,197,38,49,9243
102092,7988,313,201,37,49,9244
102093,7988,313,201,37,49,9245
102094,7988,317,202,41,49,9246
102095,7988,322,208,41,51,9247
102096,7988,322,208,41,51,9248
102097,7988,302,191,36,45,9238
102098,7988,302,191,36,45,9239
102099,7988,306,194,36,46,9240
102100,7988,306,194,36,46,9241
102101,7988,310,197,38,48,9242
102102,7988,310,197,38,49,9243
102103,7988,313,201,37,49,9244
102104,7988,313,201,37,49,9245
102105,7988,317,202,41,49,9246
102106,7988,322,208,41,51,9247
102107,7988,322,208,41,51,9248
102108,7988,302,191,36,45,9238
102109,7988,302,191,36,45,9239
102110,7988,306,194,36,46,9240
102111,7988,306,194,36,46,9241
102112,7988,310,197,38,48,9242
102113,7988,310,197,38,49,9243
102114,7988,313,201,37,49,9244
102115,7988,313,201,37,49,9245
102116,7988,317,202,41,49,9246
102117,7988,322,208,41,51,9247
102118,7988,322,208,41,51,9248
102119,7988,302,191,36,45,9238
102120,7988,302,191,36,45,9239
102121,7988,306,194,36,46,9240
102122,7988,306,194,36,46,9241
102123,7988,310,197,38,48,9242
102124,7988,310,197,38,49,9243
102125,7988,313,201,37,49,9244
102126,7988,313,201,37,49,9245
102127,7988,317,202,41,49,9246
102128,7988,322,208,41,51,9247
102129,7988,322,208,41,51,9248
102130,7988,302,191,36,45,9238
102131,7988,302,191,36,45,9239
102132,7988,306,194,36,46,9240
102133,7988,306,194,36,46,9241
102134,7988,310,197,38,48,9242
102135,7988,310,197,38,49,9243
102136,7988,313,201,37,49,9244
102137,7988,313,201,37,49,9245
102138,7988,317,202,41,49,9246
102139,7988,322,208,41,51,9247
102140,7988,322,208,41,51,9248
102141,7988,306,194,36,46,9240
102142,7988,306,194,36,46,9241
102143,7988,310,197,38,48,9242
102144,7988,310,197,38,49,9243
102145,7988,313,201,37,49,9244
102146,7988,313,201,37,49,9245
102147,7988,317,202,41,49,9246
117300,9888,291,132,28,34,11531
117301,9888,291,132,28,33,11532
117302,9888,294,134,29,35,11533
117303,9888,294,134,29,35,11534
117304,9888,298,136,30,37,11535
117305,9888,298,136,30,37,11536
117306,9888,303,139,29,37,11537
117307,9888,303,139,29,37,11538
117308,9888,305,139,31,39,11539
117309,9888,308,141,33,40,11540
117310,9888,308,141,33,40,11541
117311,9888,291,132,28,34,11531
117312,9888,291,132,28,33,11532
117313,9888,294,134,29,35,11533
117314,9888,294,134,29,35,11534
117315,9888,298,136,30,37,11535
117316,9888,298,136,30,37,11536
117317,9888,303,139,29,37,11537
117318,9888,303,139,29,37,11538
117319,9888,305,139,31,39,11539
117320,9888,308,141,33,40,11540
117321,9888,308,141,33,40,11541
117322,9888,291,132,28,34,11531
117323,9888,291,132,28,33,11532
117324,9888,294,134,29,35,11533
117325,9888,294,134,29,35,11534
117326,9888,298,136,30,37,11535
117327,9888,298,136,30,37,11536
117328,9888,303,139,29,37,11537
117329,9888,303,139,29,37,11538
117330,9888,305,139,31,39,11539
117331,9888,308,141,33,40,11540
117332,9888,308,141,33,40,11541
117333,9888,291,132,28,34,11531
117334,9888,291,132,28,33,11532
117335,9888,294,134,29,35,11533
117336,9888,294,134,29,35,11534
117337,9888,298,136,30,37,11535
117338,9888,298,136,30,37,11536
117339,9888,303,139,29,37,11537
117340,9888,303,139,29,37,11538
117341,9888,305,139,31,39,11539
117342,9888,308,141,33,40,11540
117343,9888,308,141,33,40,11541
117344,9888,298,136,30,37,11535
117345,9888,298,136,30,37,11536
117346,9888,303,139,29,37,11537
117347,9888,303,139,29,37,11538
117348,9888,305,139,31,39,11539
117349,9888,308,141,33,40,11540
117350,9888,308,141,33,40,11541
138277,16571,266,131,17,26,16603
138278,16571,266,131,17,26,16604
138279,16571,268,133,17,26,16605
138280,16571,268,133,17,26,16606
138281,16571,272,134,18,26,16607
138282,16571,272,134,18,26,16608
138283,16571,275,135,19,27,16609
138284,16571,275,135,19,27,16610
138285,16571,275,137,19,29,16611
138286,16571,280,138,19,28,16612
138287,16571,280,138,19,28,16613
138288,16571,283,140,20,29,16614
138289,16571,283,140,20,28,16615
138290,16571,266,131,17,26,16603
138291,16571,266,131,17,26,16604
138292,16571,268,133,17,26,16605
138293,16571,268,133,17,26,16606
138294,16571,272,134,18,26,16607
138295,16571,272,134,18,26,16608
138296,16571,275,135,19,27,16609
138297,16571,275,135,19,27,16610
138298,16571,275,137,19,29,16611
138299,16571,280,138,19,28,16612
138300,16571,280,138,19,28,16613
138301,16571,283,140,20,29,16614
138302,16571,283,140,20,28,16615
138303,16571,268,133,17,26,16605
138304,16571,268,133,17,26,16606
138305,16571,272,134,18,26,16607
138306,16571,272,134,18,26,16608
138307,16571,275,135,19,27,16609
138308,16571,275,135,19,27,16610
138309,16571,275,137,19,29,16611
154564,19947,252,140,28,32,19298
154565,19947,252,140,28,32,19299
154566,19947,255,142,28,32,19300
154567,19947,255,142,28,32,19301
154568,19947,257,144,30,34,19302
154569,19947,257,144,30,34,19303
154570,19947,261,148,28,35,19304
154571,19947,261,148,28,35,19305
154572,19947,262,149,30,35,19306
154573,19947,266,151,32,37,19307
154574,19947,266,151,31,37,19308
154575,19947,252,140,28,32,19298
154576,19947,252,140,28,32,19299
154577,19947,255,142,28,32,19300
154578,19947,255,142,28,32,19301
154579,19947,257,144,30,34,19302
154580,19947,257,144,30,34,19303
154581,19947,261,148,28,35,19304
154582,19947,261,148,28,35,19305
154583,19947,262,149,30,35,19306
154584,19947,266,151,32,37,19307
154585,19947,266,151,31,37,19308
154586,19947,257,144,30,34,19302
154587,19947,257,144,30,34,19303
154588,19947,261,148,28,35,19304
154589,19947,261,148,28,35,19305
154590,19947,262,149,30,35,19306
154591,19947,255,142,28,32,19300
154592,19947,255,142,28,32,19301
154593,19947,255,142,28,32,19300
154594,19947,255,142,28,32,19301
154595,19947,255,142,28,32,19300
154596,19947,255,142,28,32,19301
154597,19947,255,142,28,32,19300
154598,19947,255,142,28,32,19301
154599,19947,255,142,28,32,19300
154600,19947,255,142,28,32,19301
154601,19947,255,142,28,32,19300
154602,19947,255,142,28,32,19301
154603,19947,255,142,28,32,19300
154604,19947,255,142,28,32,19301
154605,19947,255,142,28,32,19300
154606,19947,255,142,28,32,19301
154607,19947,255,142,28,32,19300
154608,19947,255,142,28,32,19301
154609,19947,255,142,28,32,19300
154610,19947,255,142,28,32,19301
185571,27077,242,104,17,22,24455
185572,27077,242,105,16,22,24456
185573,27077,251,107,16,23,24463
185574,27077,254,107,17,23,24464
185575,27077,254,107,17,23,24465
185576,27077,257,108,16,24,24466
185577,27077,257,108,16,24,24467
185578,27077,260,108,18,24,24468
185579,27077,260,108,18,24,24469
185580,27077,262,108,18,26,24470
185581,27077,262,108,18,26,24471
185582,27077,265,108,18,26,24472
185583,27077,265,108,18,26,24473
185584,27077,266,108,19,26,24474
191464,29252,235,116,17,22,26186
191465,29252,235,116,17,22,26187
191466,29252,236,117,16,22,26188
191467,29252,240,118,17,21,26191
191468,29252,240,118,17,21,26192
191469,29252,242,120,16,22,26193
191470,29252,242,120,16,22,26194
191471,29252,243,120,17,22,26195
191472,29252,243,120,17,22,26196
191473,29252,245,122,17,22,26197
191474,29252,245,122,17,22,26198
191475,29252,246,123,17,22,26199
191476,29252,248,124,17,23,26200
191477,29252,248,124,17,23,26201
191478,29252,250,126,17,22,26202
191479,29252,250,126,17,22,26203
191480,29252,251,127,17,22,26204
191481,29252,251,127,17,22,26205
191482,29252,253,129,17,22,26206
191483,29252,253,129,17,23,26207
191484,29252,255,131,17,23,26208
191485,29252,255,131,17,23,26209
191486,29252,255,130,19,24,26210
191487,29252,257,132,19,24,26211
191488,29252,257,132,19,24,26212
191590,29299,258,133,20,25,26213
191591,29299,258,133,20,25,26214
191592,29299,260,135,21,26,26215
191593,29299,260,136,20,26,26216
191594,29299,262,137,21,26,26217
191595,29299,262,137,20,26,26218
191596,29299,264,139,21,26,26219
191597,29299,264,139,21,26,26220
191598,29299,265,140,21,26,26221
191599,29299,267,143,20,27,26222
191600,29299,267,143,20,27,26223
191601,29299,269,145,21,27,26224
191602,29299,269,145,21,27,26225
191603,29299,271,146,23,29,26226
191604,29299,271,146,23,29,26227
191605,29299,258,133,20,25,26213
191606,29299,258,133,20,25,26214
191607,29299,260,135,21,26,26215
191608,29299,260,136,20,26,26216
191609,29299,262,137,21,26,26217
191610,29299,262,137,20,26,26218
191611,29299,264,139,21,26,26219
191612,29299,264,139,21,26,26220
191613,29299,265,140,21,26,26221
191614,29299,267,143,20,27,26222
191615,29299,267,143,20,27,26223
191616,29299,269,145,21,27,26224
191617,29299,269,145,21,27,26225
191618,29299,271,146,23,29,26226
191619,29299,271,146,23,29,26227
191620,29299,258,133,20,25,26213
191621,29299,258,133,20,25,26214
191622,29299,260,135,21,26,26215
191623,29299,260,136,20,26,26216
191624,29299,264,139,21,26,26219
191625,29299,264,139,21,26,26220
191626,29299,265,140,21,26,26221
191627,29299,267,143,20,27,26222
191628,29299,267,143,20,27,26223
191629,29299,269,145,21,27,26224
191630,29299,269,145,21,27,26225
191631,29299,262,137,21,26,26217
191632,29299,262,137,20,26,26218
191633,29299,262,137,21,26,26217
191634,29299,262,137,20,26,26218
191635,29299,262,137,21,26,26217
191636,29299,262,137,20,26,26218
191637,29299,262,137,21,26,26217
191638,29299,262,137,20,26,26218
191639,29299,262,137,21,26,26217
191640,29299,262,137,20,26,26218
191641,29299,262,137,21,26,26217
191642,29299,262,137,20,26,26218
191643,29299,262,137,21,26,26217
191644,29299,262,137,20,26,26218
191645,29299,262,137,21,26,26217
191646,29299,262,137,20,26,26218
191647,29299,262,137,21,26,26217
191648,29299,262,137,20,26,26218
191649,29299,262,137,21,26,26217
191650,29299,262,137,20,26,26218
